{
  "project_info": {
    "project_number": "31984860880",
    "project_id": "taskthreefinal-59e96",
    "storage_bucket": "taskthreefinal-59e96.appspot.com"
  },
  "client": [
    {
      "client_info": {
        "mobilesdk_app_id": "1:31984860880:android:d4db1dcdae8dd6d769a8d5",
        "android_client_info": {
          "package_name": "com.example.taskthreefinal"
        }
      },
      "oauth_client": [
        {
          "client_id": "31984860880-oi44edsvfrjqvd7kajht508prranmrgg.apps.googleusercontent.com",
          "client_type": 3
        }
      ],
      "api_key": [
        {
          "current_key": "AIzaSyA9h5Uofdqk83IKB_-T_up-vLmlV9034HI"
        }
      ],
      "services": {
        "appinvite_service": {
          "other_platform_oauth_client": [
            {
              "client_id": "31984860880-oi44edsvfrjqvd7kajht508prranmrgg.apps.googleusercontent.com",
              "client_type": 3
            }
          ]
        }
      }
    }
  ],
  "configuration_version": "1"
}